﻿{"cameraMode":{"drawMode":0,"name":"Shaded","section":"Shading Mode"},"sceneLighting":true,"audioPlay":false,"sceneViewState":{"showFog":true,"showMaterialUpdate":false,"showSkybox":true,"showFlares":true,"showImageEffects":true,"showParticleSystems":true},"in2DMode":false,"pivot":{"x":-0.17127704620361329,"y":-1.166450023651123,"z":-0.38243675231933596},"rotation":{"x":-0.1859714388847351,"y":0.2552032768726349,"z":-0.050089556723833087,"w":-0.9475109577178955},"size":11.13847827911377,"orthographic":false}